date,timechuo,open,high,low,close,vol
2019-07-08 01:33,1562520780,5.8031,5.8044,5.8021,5.8044,325.03
2019-07-08 01:34,1562520840,5.8044,5.8047,5.7993,5.8,1024.38
2019-07-08 01:35,1562520900,5.7978,5.8094,5.7978,5.8086,2659.03
2019-07-08 01:36,1562520960,5.8107,5.8202,5.8102,5.8168,1968.94
2019-07-08 01:37,1562521020,5.8203,5.8266,5.8179,5.8199,4553.18
2019-07-08 01:38,1562521080,5.8256,5.8899,5.8198,5.8649,51923.62
2019-07-08 01:39,1562521140,5.8615,5.911,5.8614,5.9084,29445.57
2019-07-08 01:40,1562521200,5.9084,5.9348,5.8967,5.9348,43092.13
2019-07-08 01:41,1562521260,5.9296,5.9784,5.929,5.9669,155580.11
2019-07-08 01:42,1562521320,5.9657,5.9886,5.943,5.9789,42599.22
2019-07-08 01:43,1562521380,5.9814,6.0054,5.9758,6.0025,47870.61
2019-07-08 01:44,1562521440,6.0038,6.0039,5.9589,5.9753,25857.21
2019-07-08 01:45,1562521500,5.9755,6.0033,5.9744,5.9898,18930.58
2019-07-08 01:46,1562521560,5.991,6.01,5.9847,6.0,21384.48
2019-07-08 01:47,1562521620,5.9962,6.01,5.996,6.0,10269.39
2019-07-08 01:48,1562521680,6.0059,6.0164,6.0018,6.0159,8849.77
2019-07-08 01:49,1562521740,6.0164,6.0231,6.0112,6.0206,11572.49
2019-07-08 01:50,1562521800,6.0206,6.0223,5.9967,5.9986,17753.86
2019-07-08 01:51,1562521860,5.9944,6.0166,5.9795,6.0027,17596.16
2019-07-08 01:52,1562521920,6.0027,6.0167,5.9989,5.9989,7621.95
2019-07-08 01:53,1562521980,6.0,6.01,5.9853,5.9892,9883.98
2019-07-08 01:54,1562522040,5.9888,5.9902,5.9799,5.9833,6052.85
2019-07-08 01:55,1562522100,5.9852,5.9852,5.9639,5.9778,12373.91
2019-07-08 01:56,1562522160,5.9746,5.9875,5.9732,5.981,17149.1
2019-07-08 01:57,1562522220,5.9835,5.9939,5.981,5.9923,5243.06
2019-07-08 01:58,1562522280,5.9923,5.9927,5.9838,5.9838,2746.57
2019-07-08 01:59,1562522340,5.9878,5.9878,5.9743,5.9778,5397.31
2019-07-08 02:00,1562522400,5.9738,5.9964,5.9738,5.9939,5519.6
2019-07-08 02:01,1562522460,5.9903,5.9931,5.9809,5.9838,2735.1
2019-07-08 02:02,1562522520,5.987,5.9894,5.9767,5.9841,7504.23
2019-07-08 02:03,1562522580,5.9812,5.9836,5.9726,5.976,1304.23
2019-07-08 02:04,1562522640,5.9754,5.9777,5.9695,5.9734,4194.99
2019-07-08 02:05,1562522700,5.9705,5.9705,5.9558,5.9559,4927.19
2019-07-08 02:06,1562522760,5.9557,5.9598,5.9443,5.9546,9337.14
2019-07-08 02:07,1562522820,5.9547,5.9552,5.9427,5.9465,5145.77
2019-07-08 02:08,1562522880,5.9455,5.955,5.9396,5.953,4777.32
2019-07-08 02:09,1562522940,5.9551,5.9576,5.9473,5.9505,5733.13
2019-07-08 02:10,1562523000,5.9519,5.9695,5.948,5.9667,2664.69
2019-07-08 02:11,1562523060,5.9679,5.9699,5.9573,5.9573,2724.29
2019-07-08 02:12,1562523120,5.9577,5.9577,5.9412,5.9496,5935.79
2019-07-08 02:13,1562523180,5.9517,5.9568,5.9448,5.951,2848.84
2019-07-08 02:14,1562523240,5.9525,5.9536,5.9489,5.9536,543.22
2019-07-08 02:15,1562523300,5.9509,5.9523,5.948,5.949,811.67
2019-07-08 02:16,1562523360,5.9481,5.95,5.9426,5.9473,2408.18
2019-07-08 02:17,1562523420,5.9498,5.9629,5.9466,5.9506,6440.61
2019-07-08 02:18,1562523480,5.9579,5.9601,5.9533,5.9554,1849.92
2019-07-08 02:19,1562523540,5.9585,5.9586,5.9558,5.9581,736.03
2019-07-08 02:20,1562523600,5.9551,5.9581,5.9486,5.9486,1475.32
2019-07-08 02:21,1562523660,5.945,5.9546,5.945,5.9476,1261.67
2019-07-08 02:22,1562523720,5.9464,5.9466,5.9428,5.9439,1726.86
2019-07-08 02:23,1562523780,5.9457,5.9462,5.9414,5.9462,367.47
2019-07-08 02:24,1562523840,5.9422,5.9442,5.9335,5.9335,2129.06
2019-07-08 02:25,1562523900,5.9351,5.9351,5.9287,5.9295,1508.38
2019-07-08 02:26,1562523960,5.9317,5.9339,5.9168,5.9189,7170.89
2019-07-08 02:27,1562524020,5.9188,5.9236,5.9109,5.9173,5091.66
2019-07-08 02:28,1562524080,5.9208,5.929,5.9192,5.9241,2065.79
2019-07-08 02:29,1562524140,5.9272,5.9309,5.9249,5.9303,2353.59
2019-07-08 02:30,1562524200,5.9302,5.9315,5.9213,5.9219,2827.39
2019-07-08 02:31,1562524260,5.9209,5.9228,5.9013,5.9013,6958.88
2019-07-08 02:32,1562524320,5.9058,5.9171,5.9044,5.9076,5008.66
2019-07-08 02:33,1562524380,5.911,5.9199,5.911,5.9154,1988.0
2019-07-08 02:34,1562524440,5.9128,5.915,5.9033,5.9046,1143.83
2019-07-08 02:35,1562524500,5.9065,5.9114,5.9065,5.9099,1220.38
2019-07-08 02:36,1562524560,5.9093,5.9096,5.9,5.9,1674.23
2019-07-08 02:37,1562524620,5.9001,5.9001,5.8808,5.8912,15279.93
2019-07-08 02:38,1562524680,5.8923,5.9054,5.8923,5.9036,3135.75
2019-07-08 02:39,1562524740,5.9038,5.9044,5.8934,5.8934,1817.84
2019-07-08 02:40,1562524800,5.893,5.9055,5.893,5.9055,8517.98
2019-07-08 02:41,1562524860,5.9058,5.9098,5.9053,5.9094,2465.7
2019-07-08 02:42,1562524920,5.9096,5.9101,5.9033,5.904,1179.27
2019-07-08 02:43,1562524980,5.9045,5.9057,5.9013,5.9013,924.32
2019-07-08 02:44,1562525040,5.9018,5.9029,5.9006,5.9006,1048.51
2019-07-08 02:45,1562525100,5.9,5.9123,5.899,5.9086,1343.16
2019-07-08 02:46,1562525160,5.9087,5.9135,5.9069,5.9111,1697.57
2019-07-08 02:47,1562525220,5.912,5.9197,5.9111,5.9164,2185.34
2019-07-08 02:48,1562525280,5.9162,5.9301,5.9162,5.927,3318.45
2019-07-08 02:49,1562525340,5.9269,5.9269,5.9161,5.9233,2964.56
2019-07-08 02:50,1562525400,5.9214,5.9247,5.9203,5.921,1278.77
2019-07-08 02:51,1562525460,5.9201,5.9215,5.917,5.9197,2333.12
2019-07-08 02:52,1562525520,5.9198,5.9198,5.9099,5.9099,1468.19
2019-07-08 02:53,1562525580,5.9126,5.9127,5.9053,5.9053,2407.88
2019-07-08 02:54,1562525640,5.9073,5.9149,5.9031,5.9126,1726.95
2019-07-08 02:55,1562525700,5.9105,5.9118,5.9052,5.9053,812.84
2019-07-08 02:56,1562525760,5.9064,5.9163,5.9037,5.9143,1978.81
2019-07-08 02:57,1562525820,5.917,5.92,5.9125,5.92,820.58
2019-07-08 02:58,1562525880,5.9197,5.9277,5.9186,5.9271,2958.87
2019-07-08 02:59,1562525940,5.9281,5.929,5.9077,5.9077,925.89
2019-07-08 03:00,1562526000,5.9107,5.9328,5.9076,5.9328,3626.48
2019-07-08 03:01,1562526060,5.9305,5.935,5.9303,5.9349,928.6
2019-07-08 03:02,1562526120,5.9349,5.9349,5.9231,5.9231,4926.0
2019-07-08 03:03,1562526180,5.923,5.9242,5.9181,5.9187,1861.01
2019-07-08 03:04,1562526240,5.9188,5.9234,5.9187,5.923,737.3
2019-07-08 03:05,1562526300,5.9226,5.925,5.9204,5.9243,731.79
2019-07-08 03:06,1562526360,5.9229,5.9229,5.9157,5.9169,1721.0
2019-07-08 03:07,1562526420,5.9163,5.9254,5.915,5.9246,1032.7
2019-07-08 03:08,1562526480,5.9246,5.929,5.9205,5.9258,1396.38
2019-07-08 03:09,1562526540,5.9251,5.9254,5.9215,5.9251,888.19
2019-07-08 03:10,1562526600,5.9284,5.9291,5.9251,5.9285,593.17
2019-07-08 03:11,1562526660,5.9304,5.9391,5.9285,5.9335,3786.97
2019-07-08 03:12,1562526720,5.9333,5.9349,5.9314,5.9314,918.03
2019-07-08 03:13,1562526780,5.931,5.9332,5.9269,5.9269,1034.45
2019-07-08 03:14,1562526840,5.9301,5.9306,5.9253,5.9306,376.85
2019-07-08 03:15,1562526900,5.9289,5.9312,5.9285,5.929,484.05
2019-07-08 03:16,1562526960,5.929,5.9325,5.9277,5.9283,1388.43
2019-07-08 03:17,1562527020,5.9314,5.9376,5.9308,5.935,5360.13
2019-07-08 03:18,1562527080,5.934,5.935,5.9273,5.9279,4551.38
2019-07-08 03:19,1562527140,5.9257,5.9274,5.9218,5.9242,1149.05
2019-07-08 03:20,1562527200,5.9259,5.9278,5.9222,5.9222,866.98
2019-07-08 03:21,1562527260,5.9254,5.9332,5.9254,5.9304,275.64
2019-07-08 03:22,1562527320,5.9337,5.9355,5.9283,5.9311,903.9
2019-07-08 03:23,1562527380,5.9287,5.9287,5.9265,5.9265,192.52
2019-07-08 03:24,1562527440,5.9263,5.9294,5.918,5.9246,1859.57
2019-07-08 03:25,1562527500,5.928,5.9346,5.9216,5.9304,1938.81
2019-07-08 03:26,1562527560,5.9291,5.9308,5.9204,5.9225,1500.0
2019-07-08 03:27,1562527620,5.9264,5.9271,5.9264,5.9271,400.0
2019-07-08 03:28,1562527680,5.9289,5.93,5.9278,5.929,1086.82
2019-07-08 03:29,1562527740,5.926,5.9289,5.9247,5.9247,1136.18
2019-07-08 03:30,1562527800,5.9275,5.9372,5.9275,5.9342,4136.93
2019-07-08 03:31,1562527860,5.9359,5.9375,5.9283,5.9346,2558.39
2019-07-08 03:32,1562527920,5.9289,5.934,5.9285,5.9307,855.22
2019-07-08 03:33,1562527980,5.9332,5.9363,5.9285,5.9287,2163.59
2019-07-08 03:34,1562528040,5.9283,5.9298,5.9282,5.9283,370.84
2019-07-08 03:35,1562528100,5.9289,5.929,5.9249,5.9249,336.43
2019-07-08 03:36,1562528160,5.923,5.9266,5.9209,5.9209,533.38
2019-07-08 03:37,1562528220,5.9229,5.9245,5.915,5.9169,2247.06
2019-07-08 03:38,1562528280,5.9184,5.9255,5.9184,5.925,909.39
2019-07-08 03:39,1562528340,5.9242,5.9273,5.9242,5.927,1403.42
2019-07-08 03:40,1562528400,5.9255,5.928,5.9255,5.9279,127.02
2019-07-08 03:41,1562528460,5.929,5.9297,5.9239,5.9271,2560.69
2019-07-08 03:42,1562528520,5.9298,5.9304,5.9268,5.9301,804.57
2019-07-08 03:43,1562528580,5.93,5.93,5.9224,5.9263,652.88
2019-07-08 03:44,1562528640,5.9242,5.9267,5.9241,5.925,50.52
2019-07-08 03:45,1562528700,5.9254,5.9363,5.9253,5.931,572.44
2019-07-08 03:46,1562528760,5.9363,5.947,5.9316,5.9421,4252.25
2019-07-08 03:47,1562528820,5.9465,5.9505,5.9399,5.9476,4337.7
2019-07-08 03:48,1562528880,5.9444,5.9482,5.9388,5.9392,4591.71
2019-07-08 03:49,1562528940,5.9374,5.9504,5.9373,5.9504,610.31
2019-07-08 03:50,1562529000,5.9504,5.9562,5.9504,5.9562,929.58
2019-07-08 03:51,1562529060,5.9562,5.9569,5.9502,5.9532,1516.03
2019-07-08 03:52,1562529120,5.9533,5.9599,5.9519,5.9561,5759.86
2019-07-08 03:53,1562529180,5.9519,5.9593,5.9519,5.9586,2083.21
2019-07-08 03:54,1562529240,5.9586,5.9598,5.9562,5.9586,1429.34
2019-07-08 03:55,1562529300,5.9573,5.9596,5.9566,5.9587,114.14
2019-07-08 03:56,1562529360,5.9567,5.9606,5.9561,5.9564,589.79
2019-07-08 03:57,1562529420,5.9564,5.9564,5.9532,5.9543,1671.0
2019-07-08 03:58,1562529480,5.9532,5.9532,5.9364,5.9422,2107.1
2019-07-08 03:59,1562529540,5.9468,5.9505,5.9434,5.9434,1130.61
2019-07-08 04:00,1562529600,5.9473,5.951,5.9429,5.9454,2223.53
2019-07-08 04:01,1562529660,5.9475,5.9678,5.9475,5.9668,3330.85
2019-07-08 04:02,1562529720,5.9668,5.9797,5.9629,5.9718,4207.21
2019-07-08 04:03,1562529780,5.9725,5.9726,5.9531,5.9531,2645.26
2019-07-08 04:04,1562529840,5.9549,5.962,5.9491,5.9538,2469.15
2019-07-08 04:05,1562529900,5.9538,5.9538,5.942,5.9463,3725.41
2019-07-08 04:06,1562529960,5.9507,5.9516,5.9326,5.9378,3655.41
2019-07-08 04:07,1562530020,5.9342,5.9475,5.9305,5.9411,1820.48
2019-07-08 04:08,1562530080,5.9436,5.9487,5.9429,5.9448,1400.11
2019-07-08 04:09,1562530140,5.9438,5.9446,5.9332,5.9332,1916.19
2019-07-08 04:10,1562530200,5.9339,5.9351,5.9236,5.9298,4974.03
2019-07-08 04:11,1562530260,5.9296,5.9437,5.9296,5.9437,1253.27
2019-07-08 04:12,1562530320,5.944,5.9451,5.941,5.9438,1023.51
2019-07-08 04:13,1562530380,5.9437,5.9437,5.9365,5.9365,549.1
2019-07-08 04:14,1562530440,5.9397,5.9436,5.9359,5.9406,1175.74
2019-07-08 04:15,1562530500,5.941,5.9412,5.9361,5.9361,507.05
2019-07-08 04:16,1562530560,5.9365,5.939,5.9353,5.9353,1681.96
2019-07-08 04:17,1562530620,5.933,5.933,5.9192,5.9232,1958.46
2019-07-08 04:18,1562530680,5.9211,5.9251,5.9165,5.9166,1485.97
2019-07-08 04:19,1562530740,5.9191,5.9267,5.9116,5.9155,4251.05
2019-07-08 04:20,1562530800,5.9194,5.92,5.911,5.9161,10457.88
2019-07-08 04:21,1562530860,5.9181,5.9181,5.9143,5.9151,395.98
2019-07-08 04:22,1562530920,5.9117,5.915,5.9098,5.9125,1167.39
2019-07-08 04:23,1562530980,5.9128,5.9128,5.9074,5.9075,1506.4
2019-07-08 04:24,1562531040,5.9081,5.9126,5.9051,5.9126,540.51
2019-07-08 04:25,1562531100,5.9129,5.9202,5.9111,5.9113,829.15
2019-07-08 04:26,1562531160,5.9149,5.9184,5.913,5.9184,1284.99
2019-07-08 04:27,1562531220,5.9158,5.9174,5.9157,5.9157,185.79
2019-07-08 04:28,1562531280,5.9157,5.9157,5.9109,5.9124,1007.93
2019-07-08 04:29,1562531340,5.9196,5.9204,5.9171,5.9172,562.88
2019-07-08 04:30,1562531400,5.9182,5.9254,5.9174,5.9219,574.8
2019-07-08 04:31,1562531460,5.9179,5.9179,5.9084,5.9108,1240.43
2019-07-08 04:32,1562531520,5.913,5.9133,5.9079,5.9102,411.78
2019-07-08 04:33,1562531580,5.9103,5.9143,5.8964,5.9118,5705.69
2019-07-08 04:34,1562531640,5.9099,5.9107,5.9062,5.9062,1688.35
2019-07-08 04:35,1562531700,5.9062,5.9092,5.9044,5.9072,1106.72
2019-07-08 04:36,1562531760,5.9082,5.9136,5.9076,5.9136,1023.67
2019-07-08 04:37,1562531820,5.9142,5.9142,5.9091,5.9091,508.84
2019-07-08 04:38,1562531880,5.9096,5.9096,5.9088,5.9088,182.29
2019-07-08 04:39,1562531940,5.9074,5.9138,5.9074,5.9128,609.53
2019-07-08 04:40,1562532000,5.9135,5.914,5.9107,5.9128,526.99
2019-07-08 04:41,1562532060,5.9159,5.9236,5.9158,5.9236,599.67
2019-07-08 04:42,1562532120,5.9236,5.9292,5.9231,5.9291,534.19
2019-07-08 04:43,1562532180,5.9311,5.9329,5.929,5.9329,1301.1
2019-07-08 04:44,1562532240,5.9329,5.9352,5.928,5.9333,1455.94
2019-07-08 04:45,1562532300,5.936,5.9367,5.9336,5.936,48.3
2019-07-08 04:46,1562532360,5.9356,5.9356,5.9294,5.9329,473.34
2019-07-08 04:47,1562532420,5.9344,5.9367,5.9336,5.9367,131.62
2019-07-08 04:48,1562532480,5.9338,5.9338,5.9252,5.926,339.73
2019-07-08 04:49,1562532540,5.9252,5.9263,5.9217,5.9234,274.55
2019-07-08 04:50,1562532600,5.925,5.9278,5.925,5.9278,308.87
2019-07-08 04:51,1562532660,5.9292,5.9305,5.9287,5.9287,93.97
2019-07-08 04:52,1562532720,5.925,5.9254,5.915,5.9216,985.24
2019-07-08 04:53,1562532780,5.9228,5.9256,5.9205,5.9205,405.3
2019-07-08 04:54,1562532840,5.922,5.928,5.922,5.928,490.99
2019-07-08 04:55,1562532900,5.9284,5.929,5.9251,5.9269,592.5
2019-07-08 04:56,1562532960,5.9252,5.929,5.919,5.9204,2827.86
2019-07-08 04:57,1562533020,5.9203,5.9218,5.9202,5.9217,572.01
2019-07-08 04:58,1562533080,5.9226,5.9254,5.9226,5.9253,260.0
2019-07-08 04:59,1562533140,5.9276,5.9277,5.9217,5.9235,919.5
2019-07-08 05:00,1562533200,5.9257,5.9257,5.9209,5.9217,551.45
2019-07-08 05:01,1562533260,5.9212,5.9286,5.9212,5.9286,386.32
2019-07-08 05:02,1562533320,5.9286,5.9286,5.9224,5.9247,236.5
2019-07-08 05:03,1562533380,5.9248,5.9341,5.9247,5.9291,1099.55
2019-07-08 05:04,1562533440,5.9293,5.9299,5.9277,5.9297,606.76
2019-07-08 05:05,1562533500,5.931,5.931,5.9216,5.9259,1003.91
2019-07-08 05:06,1562533560,5.9275,5.9275,5.9224,5.9248,281.71
2019-07-08 05:07,1562533620,5.924,5.924,5.9183,5.9183,536.84
2019-07-08 05:08,1562533680,5.9151,5.9205,5.9151,5.9167,236.57
2019-07-08 05:09,1562533740,5.9168,5.9168,5.914,5.914,662.88
2019-07-08 05:10,1562533800,5.9157,5.9157,5.9133,5.9157,173.19
2019-07-08 05:11,1562533860,5.9167,5.9215,5.9167,5.9191,125.56
2019-07-08 05:12,1562533920,5.9214,5.9214,5.9185,5.9185,241.25
2019-07-08 05:13,1562533980,5.9186,5.9199,5.9114,5.9147,699.79
2019-07-08 05:14,1562534040,5.9161,5.9164,5.9102,5.9147,345.56
2019-07-08 05:15,1562534100,5.9129,5.9132,5.9129,5.9131,260.72
2019-07-08 05:16,1562534160,5.913,5.9131,5.9101,5.9131,538.59
2019-07-08 05:17,1562534220,5.913,5.9173,5.913,5.9173,1539.65
2019-07-08 05:18,1562534280,5.9154,5.9172,5.9144,5.9168,641.8
2019-07-08 05:19,1562534340,5.9169,5.9169,5.9169,5.9169,145.09
2019-07-08 05:20,1562534400,5.9181,5.9182,5.9167,5.9167,49.21
2019-07-08 05:21,1562534460,5.9168,5.9188,5.9168,5.9188,242.91
2019-07-08 05:22,1562534520,5.9203,5.9296,5.9181,5.9296,1490.34
2019-07-08 05:23,1562534580,5.9289,5.9316,5.9289,5.9316,166.21
2019-07-08 05:24,1562534640,5.9316,5.934,5.9316,5.9326,1285.56
2019-07-08 05:25,1562534700,5.9343,5.9634,5.9332,5.9543,15613.25
2019-07-08 05:26,1562534760,5.9528,5.9722,5.9473,5.9722,6062.85
2019-07-08 05:27,1562534820,5.969,5.9786,5.9623,5.9656,2742.72
2019-07-08 05:28,1562534880,5.963,5.9678,5.9615,5.964,242.85
2019-07-08 05:29,1562534940,5.9659,5.9668,5.9446,5.9507,4721.07
2019-07-08 05:30,1562535000,5.9468,5.9473,5.9404,5.9447,1188.84
2019-07-08 05:31,1562535060,5.9449,5.9535,5.944,5.9482,459.07
2019-07-08 05:32,1562535120,5.9483,5.9483,5.9429,5.9429,497.24
2019-07-08 05:33,1562535180,5.9409,5.9409,5.9353,5.9373,488.12
2019-07-08 05:34,1562535240,5.9352,5.94,5.9343,5.94,558.82
2019-07-08 05:35,1562535300,5.9427,5.9431,5.9411,5.9413,445.65
2019-07-08 05:36,1562535360,5.9432,5.9432,5.9378,5.9401,458.88
2019-07-08 05:37,1562535420,5.9399,5.9418,5.9392,5.9406,504.43
2019-07-08 05:38,1562535480,5.9405,5.9405,5.9334,5.9363,742.45
2019-07-08 05:39,1562535540,5.9377,5.9398,5.9377,5.939,204.21
2019-07-08 05:40,1562535600,5.9379,5.939,5.9354,5.9387,209.54
2019-07-08 05:41,1562535660,5.9426,5.9431,5.9368,5.9411,354.71
2019-07-08 05:42,1562535720,5.9368,5.9391,5.9368,5.9379,188.08
2019-07-08 05:43,1562535780,5.9373,5.9424,5.937,5.9373,1286.51
2019-07-08 05:44,1562535840,5.9371,5.9387,5.9325,5.9325,1489.71
2019-07-08 05:45,1562535900,5.9325,5.9343,5.9251,5.9279,3478.44
2019-07-08 05:46,1562535960,5.9284,5.9284,5.9251,5.9282,224.37
2019-07-08 05:47,1562536020,5.9281,5.9281,5.9252,5.9252,164.43
2019-07-08 05:48,1562536080,5.9272,5.9295,5.924,5.9272,310.2
2019-07-08 05:49,1562536140,5.9272,5.9272,5.9196,5.9196,649.72
2019-07-08 05:50,1562536200,5.9225,5.9288,5.9197,5.9288,256.96
2019-07-08 05:51,1562536260,5.9276,5.9281,5.9261,5.9281,120.17
2019-07-08 05:52,1562536320,5.928,5.9334,5.9267,5.9334,471.03
2019-07-08 05:53,1562536380,5.9414,5.9463,5.9393,5.9443,741.58
2019-07-08 05:54,1562536440,5.9478,5.9503,5.9441,5.9489,1380.16
2019-07-08 05:55,1562536500,5.9499,5.9865,5.9499,5.9865,36853.49
2019-07-08 05:56,1562536560,5.9866,5.9896,5.9839,5.9872,4289.52
2019-07-08 05:57,1562536620,5.9895,5.9973,5.9859,5.9919,6366.48
2019-07-08 05:58,1562536680,5.9906,5.992,5.9665,5.971,3660.2
2019-07-08 05:59,1562536740,5.9723,5.9744,5.9657,5.9714,990.94
2019-07-08 06:00,1562536800,5.9689,5.9744,5.9686,5.9744,1124.35
2019-07-08 06:01,1562536860,5.9791,5.9928,5.9788,5.9928,4088.03
2019-07-08 06:02,1562536920,5.991,5.9929,5.9735,5.985,7822.59
2019-07-08 06:03,1562536980,5.9852,5.9852,5.9662,5.9681,4909.21
2019-07-08 06:04,1562537040,5.9657,5.9681,5.9618,5.9645,1337.61
2019-07-08 06:05,1562537100,5.9622,5.9664,5.962,5.9638,2200.89
2019-07-08 06:06,1562537160,5.9641,5.9641,5.9614,5.9633,540.84
2019-07-08 06:07,1562537220,5.9672,5.9674,5.9521,5.9558,2213.59
2019-07-08 06:08,1562537280,5.9558,5.9558,5.9453,5.9467,1385.6
2019-07-08 06:09,1562537340,5.9481,5.9481,5.9351,5.9439,2223.95
2019-07-08 06:10,1562537400,5.9408,5.9408,5.9351,5.9353,540.98
2019-07-08 06:11,1562537460,5.9409,5.946,5.9398,5.9401,1817.0
2019-07-08 06:12,1562537520,5.9398,5.9398,5.9343,5.9365,397.7
2019-07-08 06:13,1562537580,5.9455,5.9467,5.9427,5.9448,548.58
2019-07-08 06:14,1562537640,5.9434,5.9454,5.9428,5.9454,221.57
2019-07-08 06:15,1562537700,5.948,5.954,5.948,5.9538,384.25
2019-07-08 06:16,1562537760,5.9579,5.9609,5.957,5.9576,2380.82
2019-07-08 06:17,1562537820,5.9576,5.9649,5.9547,5.9649,504.99
2019-07-08 06:18,1562537880,5.9609,5.9626,5.957,5.957,478.45
2019-07-08 06:19,1562537940,5.9604,5.9632,5.9596,5.9632,1121.94
2019-07-08 06:20,1562538000,5.9632,5.9657,5.9548,5.9583,1049.41
2019-07-08 06:21,1562538060,5.9549,5.9614,5.9525,5.9606,493.13
2019-07-08 06:22,1562538120,5.9609,5.9633,5.9564,5.9633,175.13
2019-07-08 06:23,1562538180,5.9633,5.9633,5.96,5.96,728.16
2019-07-08 06:24,1562538240,5.9606,5.9606,5.9448,5.9448,2654.39
2019-07-08 06:25,1562538300,5.9433,5.949,5.94,5.9426,3016.39
2019-07-08 06:26,1562538360,5.9462,5.9517,5.9436,5.9514,1785.1
2019-07-08 06:27,1562538420,5.9482,5.9562,5.9466,5.9562,1330.03
2019-07-08 06:28,1562538480,5.9572,5.9618,5.9541,5.9543,2273.34
2019-07-08 06:29,1562538540,5.957,5.9609,5.9546,5.9601,603.24
2019-07-08 06:30,1562538600,5.9618,5.9632,5.959,5.961,2397.14
2019-07-08 06:31,1562538660,5.9619,5.9634,5.9553,5.9583,3555.09
2019-07-08 06:32,1562538720,5.9576,5.9591,5.9525,5.9562,602.18
2019-07-08 06:33,1562538780,5.9541,5.9546,5.942,5.9453,4342.7
2019-07-08 06:34,1562538840,5.9462,5.9483,5.9454,5.9474,968.7
2019-07-08 06:35,1562538900,5.9522,5.9522,5.9436,5.9436,459.22
2019-07-08 06:36,1562538960,5.9442,5.948,5.9442,5.9457,127.53
2019-07-08 06:37,1562539020,5.9481,5.9515,5.9473,5.9515,104.04
2019-07-08 06:38,1562539080,5.9538,5.9552,5.9511,5.9527,891.72
2019-07-08 06:39,1562539140,5.9506,5.9514,5.9462,5.9514,971.78
2019-07-08 06:40,1562539200,5.9503,5.9531,5.9494,5.9526,478.9
2019-07-08 06:41,1562539260,5.9511,5.962,5.9511,5.9612,781.64
2019-07-08 06:42,1562539320,5.9629,5.9656,5.9459,5.946,1414.33
2019-07-08 06:43,1562539380,5.9467,5.9467,5.9216,5.933,11240.12
2019-07-08 06:44,1562539440,5.9306,5.9306,5.88,5.8994,23311.44
2019-07-08 06:45,1562539500,5.9021,5.9148,5.894,5.8991,5410.89
2019-07-08 06:46,1562539560,5.9024,5.9106,5.8909,5.9041,2861.59
2019-07-08 06:47,1562539620,5.9038,5.9097,5.903,5.9071,1344.41
2019-07-08 06:48,1562539680,5.9032,5.9119,5.9032,5.9077,1231.72
2019-07-08 06:49,1562539740,5.9119,5.925,5.9079,5.9206,3910.53
2019-07-08 06:50,1562539800,5.9199,5.9245,5.9145,5.9167,635.63
2019-07-08 06:51,1562539860,5.9171,5.9188,5.9044,5.9051,2262.73
2019-07-08 06:52,1562539920,5.9065,5.9111,5.9045,5.9104,1392.98
2019-07-08 06:53,1562539980,5.9104,5.9179,5.9075,5.9075,2865.03
2019-07-08 06:54,1562540040,5.9123,5.9125,5.9086,5.9086,1272.51
2019-07-08 06:55,1562540100,5.9101,5.912,5.9038,5.912,624.21
2019-07-08 06:56,1562540160,5.9073,5.9089,5.9064,5.907,653.14
2019-07-08 06:57,1562540220,5.907,5.907,5.9036,5.9053,547.26
2019-07-08 06:58,1562540280,5.9051,5.9075,5.9037,5.9075,108.34
2019-07-08 06:59,1562540340,5.9085,5.9126,5.9047,5.9073,1073.21
2019-07-08 07:00,1562540400,5.908,5.9138,5.9057,5.9138,615.83
2019-07-08 07:01,1562540460,5.9172,5.9194,5.9139,5.9147,381.67
2019-07-08 07:02,1562540520,5.9194,5.9218,5.9174,5.92,1048.86
2019-07-08 07:03,1562540580,5.9189,5.9189,5.912,5.912,1190.14
2019-07-08 07:04,1562540640,5.9118,5.9119,5.9086,5.9086,1047.24
2019-07-08 07:05,1562540700,5.9087,5.9107,5.9086,5.9087,298.21
2019-07-08 07:06,1562540760,5.9094,5.9094,5.9042,5.9056,719.61
2019-07-08 07:07,1562540820,5.9056,5.907,5.9035,5.906,407.13
2019-07-08 07:08,1562540880,5.9058,5.9126,5.9058,5.9126,771.59
2019-07-08 07:09,1562540940,5.9104,5.9152,5.9104,5.9136,376.0
2019-07-08 07:10,1562541000,5.9109,5.9123,5.9068,5.9111,552.74
2019-07-08 07:11,1562541060,5.9128,5.9138,5.9102,5.9103,261.35
2019-07-08 07:12,1562541120,5.9102,5.9159,5.9078,5.9159,493.45
2019-07-08 07:13,1562541180,5.9158,5.9177,5.9116,5.9121,160.98
2019-07-08 07:14,1562541240,5.9162,5.9216,5.913,5.9216,742.31
2019-07-08 07:15,1562541300,5.9216,5.9262,5.9216,5.9246,347.81
2019-07-08 07:16,1562541360,5.9245,5.9283,5.9235,5.9276,614.72
2019-07-08 07:17,1562541420,5.9272,5.9272,5.9195,5.9216,465.01
2019-07-08 07:18,1562541480,5.9216,5.9216,5.9216,5.9216,16.87
2019-07-08 07:19,1562541540,5.9216,5.9242,5.9166,5.9173,288.2
2019-07-08 07:20,1562541600,5.9146,5.9192,5.9145,5.9171,802.7
2019-07-08 07:21,1562541660,5.9221,5.924,5.9155,5.9155,491.22
2019-07-08 07:22,1562541720,5.915,5.9205,5.915,5.9203,739.8
2019-07-08 07:23,1562541780,5.9214,5.9241,5.9214,5.9241,2528.54
2019-07-08 07:24,1562541840,5.9252,5.9278,5.9247,5.9261,405.23
2019-07-08 07:25,1562541900,5.9256,5.9281,5.9227,5.9281,324.33
2019-07-08 07:26,1562541960,5.9261,5.9261,5.9189,5.9228,519.83
2019-07-08 07:27,1562542020,5.9222,5.924,5.9211,5.9211,297.28
2019-07-08 07:28,1562542080,5.9202,5.9225,5.9188,5.9188,1321.05
2019-07-08 07:29,1562542140,5.9182,5.9195,5.9146,5.9146,341.31
2019-07-08 07:30,1562542200,5.9141,5.9142,5.9123,5.9123,11.25
2019-07-08 07:31,1562542260,5.9102,5.9125,5.909,5.91,847.83
2019-07-08 07:32,1562542320,5.9178,5.9179,5.9141,5.9179,568.05
2019-07-08 07:33,1562542380,5.9178,5.9209,5.9175,5.92,416.89
2019-07-08 07:34,1562542440,5.9201,5.9207,5.9199,5.9207,208.14
2019-07-08 07:35,1562542500,5.9174,5.9223,5.917,5.9205,1235.74
2019-07-08 07:36,1562542560,5.9187,5.921,5.9187,5.921,246.01
2019-07-08 07:37,1562542620,5.9225,5.9246,5.9225,5.9231,124.18
2019-07-08 07:38,1562542680,5.9235,5.9243,5.9216,5.9216,506.59
2019-07-08 07:39,1562542740,5.9188,5.9215,5.9188,5.9215,121.61
2019-07-08 07:40,1562542800,5.9188,5.9221,5.9182,5.9217,402.91
2019-07-08 07:41,1562542860,5.9202,5.9223,5.9183,5.9201,487.85
2019-07-08 07:42,1562542920,5.9217,5.9218,5.9097,5.9097,3136.05
2019-07-08 07:43,1562542980,5.9137,5.9154,5.9097,5.9098,789.99
2019-07-08 07:44,1562543040,5.9141,5.9151,5.9141,5.9151,229.44
2019-07-08 07:45,1562543100,5.9153,5.9358,5.9153,5.9191,21802.36
2019-07-08 07:46,1562543160,5.9216,5.9224,5.9188,5.9224,81.15
2019-07-08 07:47,1562543220,5.9222,5.9266,5.9206,5.9266,709.3
2019-07-08 07:48,1562543280,5.9252,5.9252,5.9208,5.9208,3572.17
2019-07-08 07:49,1562543340,5.9219,5.9233,5.9209,5.9209,5986.8
2019-07-08 07:50,1562543400,5.9221,5.9252,5.9221,5.9223,2439.02
2019-07-08 07:51,1562543460,5.9235,5.9235,5.9212,5.9212,959.0
2019-07-08 07:52,1562543520,5.9216,5.9237,5.9209,5.921,4068.66
2019-07-08 07:53,1562543580,5.9241,5.9336,5.9215,5.9286,5277.75
2019-07-08 07:54,1562543640,5.9289,5.931,5.9266,5.9266,1228.17
2019-07-08 07:55,1562543700,5.9271,5.928,5.9244,5.9251,1637.03
2019-07-08 07:56,1562543760,5.9284,5.9348,5.9261,5.9348,2913.46
2019-07-08 07:57,1562543820,5.9348,5.9375,5.9305,5.9369,2676.76
2019-07-08 07:58,1562543880,5.9369,5.94,5.9343,5.9343,1566.89
2019-07-08 07:59,1562543940,5.9329,5.9332,5.9278,5.9278,976.31
2019-07-08 08:00,1562544000,5.9278,5.9352,5.9247,5.9294,3094.71
2019-07-08 08:01,1562544060,5.9324,5.9452,5.9322,5.9422,2299.5
2019-07-08 08:02,1562544120,5.9433,5.9545,5.9389,5.9389,3520.94
2019-07-08 08:03,1562544180,5.9389,5.945,5.9354,5.945,1576.57
2019-07-08 08:04,1562544240,5.9476,5.948,5.9395,5.9414,4674.98
2019-07-08 08:05,1562544300,5.9408,5.9435,5.9389,5.9414,1051.95
2019-07-08 08:06,1562544360,5.9404,5.9404,5.9305,5.9333,859.27
2019-07-08 08:07,1562544420,5.9298,5.9357,5.9298,5.9346,843.87
2019-07-08 08:08,1562544480,5.9355,5.9426,5.9355,5.9395,2611.15
2019-07-08 08:09,1562544540,5.9395,5.94,5.9334,5.9334,1776.02
2019-07-08 08:10,1562544600,5.9328,5.9357,5.9309,5.9357,675.6
2019-07-08 08:11,1562544660,5.9364,5.9386,5.934,5.9377,620.77
2019-07-08 08:12,1562544720,5.9323,5.9345,5.9288,5.9292,1356.83
2019-07-08 08:13,1562544780,5.9287,5.9287,5.9208,5.9239,699.88
2019-07-08 08:14,1562544840,5.9232,5.9257,5.9232,5.9256,472.06
2019-07-08 08:15,1562544900,5.9287,5.9294,5.9263,5.9294,191.66
2019-07-08 08:16,1562544960,5.9259,5.9259,5.9196,5.9196,2106.01
2019-07-08 08:17,1562545020,5.9223,5.9232,5.9202,5.9209,649.86
2019-07-08 08:18,1562545080,5.9209,5.9209,5.9207,5.9207,227.34
2019-07-08 08:19,1562545140,5.919,5.919,5.9101,5.9173,1741.2
2019-07-08 08:20,1562545200,5.9141,5.9151,5.9134,5.9151,364.3
2019-07-08 08:21,1562545260,5.918,5.9202,5.9168,5.9202,354.19
2019-07-08 08:22,1562545320,5.9187,5.9187,5.9151,5.9168,297.98
2019-07-08 08:23,1562545380,5.9176,5.9183,5.9137,5.9177,675.76
2019-07-08 08:24,1562545440,5.9159,5.9208,5.9158,5.9184,1559.18
2019-07-08 08:25,1562545500,5.9207,5.9213,5.9137,5.9145,1495.3
2019-07-08 08:26,1562545560,5.9164,5.9165,5.9151,5.9161,457.41
2019-07-08 08:27,1562545620,5.914,5.9165,5.914,5.9151,101.26
2019-07-08 08:28,1562545680,5.9147,5.9148,5.911,5.913,730.05
2019-07-08 08:29,1562545740,5.9139,5.9158,5.9139,5.9144,56.3
2019-07-08 08:30,1562545800,5.9142,5.9142,5.9025,5.9025,1211.99
2019-07-08 08:31,1562545860,5.9025,5.9063,5.8878,5.9063,7888.39
2019-07-08 08:32,1562545920,5.9027,5.9095,5.9026,5.9065,977.79
2019-07-08 08:33,1562545980,5.9123,5.9143,5.9039,5.9083,2104.77
2019-07-08 08:34,1562546040,5.9042,5.906,5.9026,5.9037,531.44
2019-07-08 08:35,1562546100,5.905,5.9083,5.905,5.908,157.55
2019-07-08 08:36,1562546160,5.908,5.9198,5.9079,5.9191,6972.5
2019-07-08 08:37,1562546220,5.919,5.919,5.9143,5.9148,173.2
2019-07-08 08:38,1562546280,5.9139,5.914,5.9126,5.9131,292.42
2019-07-08 08:39,1562546340,5.9129,5.9129,5.911,5.9125,173.6
2019-07-08 08:40,1562546400,5.9152,5.9183,5.9152,5.9152,112.1
2019-07-08 08:41,1562546460,5.9154,5.9186,5.9152,5.9171,1946.71
2019-07-08 08:42,1562546520,5.917,5.9199,5.9168,5.9168,403.24
2019-07-08 08:43,1562546580,5.9167,5.9167,5.9111,5.912,1877.74
2019-07-08 08:44,1562546640,5.9112,5.9113,5.9076,5.9076,539.25
2019-07-08 08:45,1562546700,5.9049,5.9071,5.9045,5.9064,245.98
2019-07-08 08:46,1562546760,5.9061,5.9061,5.9061,5.9061,46.14
2019-07-08 08:47,1562546820,5.9035,5.9035,5.8993,5.9,1569.29
2019-07-08 08:48,1562546880,5.9001,5.9002,5.8945,5.8945,175.94
2019-07-08 08:49,1562546940,5.8973,5.9044,5.8953,5.9044,793.16
2019-07-08 08:50,1562547000,5.9036,5.9046,5.8992,5.8992,125.13
2019-07-08 08:51,1562547060,5.903,5.9031,5.8992,5.9023,83.66
2019-07-08 08:52,1562547120,5.8995,5.9003,5.8959,5.8959,327.55
2019-07-08 08:53,1562547180,5.8998,5.9,5.8928,5.8928,591.46
2019-07-08 08:54,1562547240,5.8969,5.8999,5.8961,5.8999,1736.99
2019-07-08 08:55,1562547300,5.8999,5.9028,5.8991,5.9,158.62
2019-07-08 08:56,1562547360,5.8995,5.9015,5.8983,5.9002,312.43
2019-07-08 08:57,1562547420,5.8987,5.8987,5.89,5.8924,740.64
2019-07-08 08:58,1562547480,5.8924,5.8924,5.8749,5.8786,4463.32
2019-07-08 08:59,1562547540,5.8748,5.8789,5.8561,5.8685,17402.44
2019-07-08 09:00,1562547600,5.8706,5.8775,5.8676,5.874,1747.91
2019-07-08 09:01,1562547660,5.8743,5.8839,5.8743,5.8818,1367.94
2019-07-08 09:02,1562547720,5.8838,5.8871,5.8817,5.8839,895.2
2019-07-08 09:03,1562547780,5.8857,5.8907,5.8833,5.8907,2224.65
2019-07-08 09:04,1562547840,5.893,5.8998,5.8921,5.8935,2196.32
2019-07-08 09:05,1562547900,5.8949,5.8949,5.8852,5.893,607.39
2019-07-08 09:06,1562547960,5.8931,5.8952,5.8891,5.8937,798.51
2019-07-08 09:07,1562548020,5.892,5.8921,5.8878,5.8879,410.1
2019-07-08 09:08,1562548080,5.8872,5.8901,5.8872,5.8891,890.36
2019-07-08 09:09,1562548140,5.8897,5.8898,5.8877,5.8877,680.0
2019-07-08 09:10,1562548200,5.8849,5.887,5.8784,5.8784,1366.56
2019-07-08 09:11,1562548260,5.8802,5.8802,5.8783,5.8783,576.59
2019-07-08 09:12,1562548320,5.8761,5.8776,5.8742,5.8756,625.74
2019-07-08 09:13,1562548380,5.8756,5.8758,5.8746,5.8746,335.87
2019-07-08 09:14,1562548440,5.8774,5.8774,5.877,5.8772,194.42
2019-07-08 09:15,1562548500,5.8817,5.8818,5.8768,5.8769,569.95
2019-07-08 09:16,1562548560,5.8769,5.8791,5.8768,5.879,205.21
2019-07-08 09:17,1562548620,5.8805,5.8811,5.8797,5.8802,228.56
2019-07-08 09:18,1562548680,5.8797,5.8816,5.8788,5.8804,697.32
2019-07-08 09:19,1562548740,5.8802,5.8802,5.8791,5.88,106.34
2019-07-08 09:20,1562548800,5.8813,5.8878,5.8813,5.8877,1511.25
2019-07-08 09:21,1562548860,5.8859,5.8889,5.8817,5.8817,299.97
2019-07-08 09:22,1562548920,5.879,5.8817,5.879,5.8812,1301.7
2019-07-08 09:23,1562548980,5.8785,5.8785,5.8726,5.8726,827.04
2019-07-08 09:24,1562549040,5.8744,5.8839,5.8744,5.8818,553.29
2019-07-08 09:25,1562549100,5.8814,5.8831,5.8814,5.8814,111.48
2019-07-08 09:26,1562549160,5.8801,5.8847,5.8798,5.8847,324.26
2019-07-08 09:27,1562549220,5.8852,5.8863,5.8843,5.8861,124.01
2019-07-08 09:28,1562549280,5.8856,5.8922,5.8856,5.8922,876.38
2019-07-08 09:29,1562549340,5.8926,5.893,5.8882,5.8908,669.07
2019-07-08 09:30,1562549400,5.891,5.8925,5.8875,5.8907,158.21
2019-07-08 09:31,1562549460,5.8947,5.8947,5.8895,5.8935,68.24
2019-07-08 09:32,1562549520,5.8955,5.8975,5.8916,5.8974,1883.1
2019-07-08 09:33,1562549580,5.8976,5.8976,5.8909,5.8915,1074.11
2019-07-08 09:34,1562549640,5.8914,5.8954,5.8907,5.893,255.64
2019-07-08 09:35,1562549700,5.8888,5.8928,5.8888,5.8928,197.53
2019-07-08 09:36,1562549760,5.8944,5.8954,5.8898,5.8898,356.57
2019-07-08 09:37,1562549820,5.8908,5.8913,5.8896,5.8896,293.37
2019-07-08 09:38,1562549880,5.8905,5.8964,5.8905,5.8913,176.36
2019-07-08 09:39,1562549940,5.8933,5.8933,5.892,5.8928,182.33
2019-07-08 09:40,1562550000,5.8899,5.8916,5.8897,5.8916,13.27
2019-07-08 09:41,1562550060,5.89,5.89,5.8846,5.8846,2366.85
2019-07-08 09:42,1562550120,5.8871,5.8872,5.8846,5.8871,127.67
2019-07-08 09:43,1562550180,5.884,5.884,5.8814,5.8814,41.7
2019-07-08 09:44,1562550240,5.8814,5.8828,5.8806,5.8806,271.24
2019-07-08 09:45,1562550300,5.8854,5.8905,5.8843,5.8901,602.7
2019-07-08 09:46,1562550360,5.8904,5.8934,5.8873,5.8918,865.1
2019-07-08 09:47,1562550420,5.8919,5.8943,5.8821,5.8821,1596.23
2019-07-08 09:48,1562550480,5.8821,5.8867,5.8801,5.884,741.86
2019-07-08 09:49,1562550540,5.8801,5.8842,5.8801,5.8841,1085.63
2019-07-08 09:50,1562550600,5.8841,5.8859,5.8825,5.8831,1222.16
2019-07-08 09:51,1562550660,5.8846,5.8887,5.883,5.8887,221.41
2019-07-08 09:52,1562550720,5.8899,5.8925,5.8893,5.8904,135.6
2019-07-08 09:53,1562550780,5.8905,5.892,5.8899,5.892,146.34
2019-07-08 09:54,1562550840,5.8912,5.892,5.8883,5.8883,274.15
2019-07-08 09:55,1562550900,5.8897,5.8919,5.8897,5.8904,685.37
2019-07-08 09:56,1562550960,5.8944,5.8957,5.8896,5.8896,4765.31
2019-07-08 09:57,1562551020,5.8918,5.896,5.8918,5.8935,349.99
2019-07-08 09:58,1562551080,5.8945,5.8945,5.8935,5.8935,140.71
2019-07-08 09:59,1562551140,5.8938,5.8938,5.8864,5.8882,3572.73
2019-07-08 10:00,1562551200,5.8851,5.8871,5.885,5.8855,400.89
2019-07-08 10:01,1562551260,5.8843,5.8901,5.8841,5.8864,474.54
2019-07-08 10:02,1562551320,5.887,5.89,5.8864,5.8882,745.37
2019-07-08 10:03,1562551380,5.8889,5.8922,5.8889,5.8898,3045.2
2019-07-08 10:04,1562551440,5.8922,5.8946,5.8909,5.8909,728.32
2019-07-08 10:05,1562551500,5.8916,5.8922,5.8899,5.8921,57.73
2019-07-08 10:06,1562551560,5.8914,5.8914,5.884,5.8845,1633.0
2019-07-08 10:07,1562551620,5.8823,5.8833,5.8801,5.8832,828.83
2019-07-08 10:08,1562551680,5.8844,5.8875,5.8844,5.8874,137.34
2019-07-08 10:09,1562551740,5.883,5.8853,5.8829,5.8853,174.61
2019-07-08 10:10,1562551800,5.8838,5.8838,5.8819,5.8819,210.07
2019-07-08 10:11,1562551860,5.883,5.883,5.88,5.8811,1339.17
2019-07-08 10:12,1562551920,5.88,5.8852,5.8781,5.8852,285.57
2019-07-08 10:13,1562551980,5.8861,5.8877,5.8849,5.8877,877.23
2019-07-08 10:14,1562552040,5.888,5.9027,5.8866,5.9027,9794.2
2019-07-08 10:15,1562552100,5.9024,5.9102,5.8954,5.909,3217.14
2019-07-08 10:16,1562552160,5.9085,5.9128,5.9016,5.9016,2295.46
2019-07-08 10:17,1562552220,5.9015,5.9085,5.9008,5.9049,870.73
2019-07-08 10:18,1562552280,5.9034,5.9034,5.9007,5.9007,125.31
2019-07-08 10:19,1562552340,5.8984,5.9005,5.8957,5.8966,878.14
2019-07-08 10:20,1562552400,5.8967,5.9001,5.8961,5.8961,457.9
2019-07-08 10:21,1562552460,5.8963,5.8963,5.8917,5.8917,296.22
2019-07-08 10:22,1562552520,5.8905,5.8946,5.8905,5.8912,1073.82
2019-07-08 10:23,1562552580,5.893,5.8956,5.8926,5.8956,334.99
2019-07-08 10:24,1562552640,5.8962,5.8962,5.8947,5.8961,305.39
2019-07-08 10:25,1562552700,5.896,5.896,5.8897,5.8909,319.32
2019-07-08 10:26,1562552760,5.8908,5.8908,5.8876,5.8877,158.65
2019-07-08 10:27,1562552820,5.8903,5.8937,5.8891,5.8937,601.55
2019-07-08 10:28,1562552880,5.8911,5.8932,5.8898,5.8932,809.99
2019-07-08 10:29,1562552940,5.8907,5.8937,5.8907,5.8936,516.07
2019-07-08 10:30,1562553000,5.8929,5.8963,5.8929,5.8951,57.82
2019-07-08 10:31,1562553060,5.892,5.8951,5.892,5.894,433.7
2019-07-08 10:32,1562553120,5.8969,5.8977,5.8951,5.8977,745.3
2019-07-08 10:33,1562553180,5.8972,5.8996,5.8926,5.8942,2251.23
2019-07-08 10:34,1562553240,5.8908,5.8991,5.8908,5.8991,434.3
2019-07-08 10:35,1562553300,5.8925,5.8941,5.8888,5.894,1645.47
2019-07-08 10:36,1562553360,5.894,5.894,5.8922,5.8933,432.03
2019-07-08 10:37,1562553420,5.891,5.8941,5.891,5.8941,1621.76
2019-07-08 10:38,1562553480,5.8989,5.8989,5.8939,5.8986,204.96
2019-07-08 10:39,1562553540,5.8951,5.8988,5.895,5.8965,315.14
2019-07-08 10:40,1562553600,5.8981,5.8981,5.8951,5.8961,45.11
2019-07-08 10:41,1562553660,5.8941,5.8977,5.8941,5.897,366.83
2019-07-08 10:42,1562553720,5.8929,5.896,5.8928,5.8959,612.8
2019-07-08 10:43,1562553780,5.8962,5.8998,5.8948,5.8988,1482.04
2019-07-08 10:44,1562553840,5.8962,5.8971,5.894,5.894,78.22
2019-07-08 10:45,1562553900,5.8951,5.8951,5.8929,5.8929,6.41
2019-07-08 10:46,1562553960,5.8937,5.8968,5.8937,5.8968,148.42
2019-07-08 10:47,1562554020,5.8968,5.897,5.8955,5.8956,338.01
2019-07-08 10:48,1562554080,5.8979,5.8983,5.8945,5.8983,564.09
2019-07-08 10:49,1562554140,5.9006,5.9006,5.8963,5.8992,837.01
2019-07-08 10:50,1562554200,5.899,5.9003,5.897,5.8997,908.11
2019-07-08 10:51,1562554260,5.901,5.901,5.8938,5.9001,359.91
2019-07-08 10:52,1562554320,5.8999,5.9,5.8966,5.8973,1670.52
2019-07-08 10:53,1562554380,5.897,5.8973,5.8946,5.8962,249.36
2019-07-08 10:54,1562554440,5.8963,5.8964,5.8948,5.8963,95.2
2019-07-08 10:55,1562554500,5.8958,5.8965,5.8928,5.8928,695.85
2019-07-08 10:56,1562554560,5.8928,5.8947,5.8915,5.8937,1187.53
2019-07-08 10:57,1562554620,5.8917,5.8925,5.8859,5.892,4148.75
2019-07-08 10:58,1562554680,5.8953,5.8983,5.8867,5.8867,2716.89
2019-07-08 10:59,1562554740,5.888,5.8883,5.8812,5.8867,4271.47
2019-07-08 11:00,1562554800,5.8828,5.8887,5.8813,5.8822,2498.46
2019-07-08 11:01,1562554860,5.8845,5.8845,5.8786,5.8797,2268.43
2019-07-08 11:02,1562554920,5.883,5.8848,5.8825,5.8825,323.25
2019-07-08 11:03,1562554980,5.8806,5.8811,5.8764,5.8764,303.05
2019-07-08 11:04,1562555040,5.876,5.8782,5.8748,5.8774,340.91
2019-07-08 11:05,1562555100,5.8775,5.8797,5.8775,5.8785,210.03
2019-07-08 11:06,1562555160,5.8795,5.8808,5.8775,5.8808,1066.38
2019-07-08 11:07,1562555220,5.8845,5.8851,5.8841,5.8851,96.37
2019-07-08 11:08,1562555280,5.8832,5.8858,5.8824,5.8858,220.9
2019-07-08 11:09,1562555340,5.8809,5.8844,5.8791,5.8844,2124.23
2019-07-08 11:10,1562555400,5.8857,5.8857,5.8856,5.8856,50.5
2019-07-08 11:11,1562555460,5.8846,5.8899,5.8846,5.8886,341.65
2019-07-08 11:12,1562555520,5.8893,5.8917,5.8864,5.8865,1764.82
2019-07-08 11:13,1562555580,5.8871,5.8883,5.8715,5.8806,3121.64
2019-07-08 11:14,1562555640,5.8773,5.8799,5.8712,5.8767,3085.73
2019-07-08 11:15,1562555700,5.8747,5.8799,5.8727,5.8768,471.16
2019-07-08 11:16,1562555760,5.8792,5.8831,5.8791,5.8831,891.3
2019-07-08 11:17,1562555820,5.8794,5.8848,5.8794,5.8845,32.07
2019-07-08 11:18,1562555880,5.8826,5.8847,5.8816,5.8816,161.52
2019-07-08 11:19,1562555940,5.8801,5.8801,5.8767,5.8777,1258.24
2019-07-08 11:20,1562556000,5.8779,5.8781,5.8741,5.8759,618.9
2019-07-08 11:21,1562556060,5.8773,5.8779,5.8773,5.8775,86.4
2019-07-08 11:22,1562556120,5.8761,5.8816,5.872,5.8794,1851.96
2019-07-08 11:23,1562556180,5.8794,5.8809,5.878,5.878,313.65
2019-07-08 11:24,1562556240,5.8792,5.8818,5.879,5.879,245.63
2019-07-08 11:25,1562556300,5.8809,5.8818,5.8781,5.8794,496.72
2019-07-08 11:26,1562556360,5.8805,5.8805,5.8771,5.8773,111.66
2019-07-08 11:27,1562556420,5.8778,5.8785,5.8763,5.8763,1109.25
2019-07-08 11:28,1562556480,5.8775,5.8822,5.8773,5.8778,2330.47
2019-07-08 11:29,1562556540,5.88,5.8818,5.8779,5.88,435.53
2019-07-08 11:30,1562556600,5.8789,5.8834,5.878,5.878,315.35
2019-07-08 11:31,1562556660,5.8804,5.8832,5.8794,5.8815,645.66
2019-07-08 11:32,1562556720,5.8811,5.8912,5.8805,5.8879,5551.56
2019-07-08 11:33,1562556780,5.8879,5.889,5.8842,5.8876,665.42
2019-07-08 11:34,1562556840,5.8891,5.8925,5.8875,5.8904,421.92
2019-07-08 11:35,1562556900,5.8912,5.8919,5.8912,5.8917,359.63
2019-07-08 11:36,1562556960,5.8934,5.8934,5.8897,5.8897,489.88
2019-07-08 11:37,1562557020,5.886,5.8897,5.8838,5.8861,1025.32
2019-07-08 11:38,1562557080,5.8843,5.8862,5.8829,5.8829,313.51
2019-07-08 11:39,1562557140,5.885,5.8954,5.885,5.8906,7753.27
2019-07-08 11:40,1562557200,5.8925,5.8954,5.8925,5.8945,304.65
2019-07-08 11:41,1562557260,5.8941,5.8949,5.8916,5.8916,702.97
2019-07-08 11:42,1562557320,5.8887,5.8954,5.8885,5.8938,696.63
2019-07-08 11:43,1562557380,5.8944,5.8944,5.8916,5.8937,280.74
2019-07-08 11:44,1562557440,5.8959,5.9,5.8902,5.8902,4560.33
2019-07-08 11:45,1562557500,5.8894,5.8905,5.8868,5.8868,154.14
2019-07-08 11:46,1562557560,5.8883,5.8883,5.88,5.8843,2292.34
2019-07-08 11:47,1562557620,5.8818,5.8879,5.8804,5.8868,482.01
2019-07-08 11:48,1562557680,5.8879,5.888,5.8861,5.8879,135.4
2019-07-08 11:49,1562557740,5.8863,5.8945,5.8863,5.892,529.73
2019-07-08 11:50,1562557800,5.8947,5.895,5.8921,5.8921,229.51
2019-07-08 11:51,1562557860,5.8946,5.8956,5.8919,5.8956,404.44
2019-07-08 11:52,1562557920,5.8954,5.896,5.8934,5.8947,378.28
2019-07-08 11:53,1562557980,5.8938,5.8938,5.8938,5.8938,36.34
2019-07-08 11:54,1562558040,5.8937,5.8949,5.8937,5.8938,1287.03
2019-07-08 11:55,1562558100,5.8938,5.8938,5.8929,5.8937,944.65
2019-07-08 11:56,1562558160,5.8934,5.8944,5.8929,5.8935,236.45
2019-07-08 11:57,1562558220,5.8937,5.8958,5.8933,5.8958,288.03
2019-07-08 11:58,1562558280,5.8957,5.8967,5.8924,5.8946,586.75
2019-07-08 11:59,1562558340,5.8927,5.8927,5.89,5.89,89.81
2019-07-08 12:00,1562558400,5.8944,5.896,5.8887,5.8888,889.11
2019-07-08 12:01,1562558460,5.8958,5.8979,5.8939,5.8979,225.76
2019-07-08 12:02,1562558520,5.8956,5.8995,5.8953,5.8967,438.2
2019-07-08 12:03,1562558580,5.8984,5.8984,5.8948,5.8979,244.75
2019-07-08 12:04,1562558640,5.8996,5.9021,5.8996,5.9021,871.88
2019-07-08 12:05,1562558700,5.902,5.902,5.8921,5.8951,8257.69
2019-07-08 12:06,1562558760,5.8971,5.8971,5.8924,5.8958,75.36
2019-07-08 12:07,1562558820,5.8947,5.8958,5.8921,5.8958,118.6
2019-07-08 12:08,1562558880,5.8926,5.8929,5.892,5.8921,177.17
2019-07-08 12:09,1562558940,5.8915,5.8915,5.8876,5.889,949.56
2019-07-08 12:10,1562559000,5.8916,5.8917,5.89,5.8917,120.38
2019-07-08 12:11,1562559060,5.8917,5.8974,5.8916,5.8957,744.86
2019-07-08 12:12,1562559120,5.8969,5.8969,5.8924,5.8936,106.45
2019-07-08 12:13,1562559180,5.8978,5.8984,5.8942,5.8979,787.13
2019-07-08 12:14,1562559240,5.8978,5.8987,5.8978,5.8978,3233.78
2019-07-08 12:15,1562559300,5.8978,5.9008,5.8978,5.9008,2655.9
2019-07-08 12:16,1562559360,5.9013,5.9017,5.8979,5.9017,1646.89
2019-07-08 12:17,1562559420,5.9017,5.9017,5.8998,5.9017,256.74
2019-07-08 12:18,1562559480,5.9018,5.9018,5.9012,5.9015,97.56
2019-07-08 12:19,1562559540,5.899,5.9068,5.899,5.9024,854.91
2019-07-08 12:20,1562559600,5.9009,5.9065,5.9009,5.9065,392.17
2019-07-08 12:21,1562559660,5.9066,5.9085,5.9035,5.9036,912.13
2019-07-08 12:22,1562559720,5.9051,5.9051,5.9035,5.9035,1284.82
2019-07-08 12:23,1562559780,5.9036,5.9081,5.9035,5.9081,470.0
2019-07-08 12:24,1562559840,5.9068,5.9076,5.9059,5.9076,202.05
2019-07-08 12:25,1562559900,5.9075,5.9163,5.9075,5.9093,5441.92
2019-07-08 12:26,1562559960,5.9114,5.9122,5.9033,5.9099,16275.11
2019-07-08 12:27,1562560020,5.9048,5.9089,5.9048,5.906,118.77
2019-07-08 12:28,1562560080,5.906,5.9074,5.9033,5.904,1215.45
2019-07-08 12:29,1562560140,5.9053,5.9129,5.9053,5.9117,2535.26
2019-07-08 12:30,1562560200,5.9113,5.9147,5.9076,5.9124,2741.09
2019-07-08 12:31,1562560260,5.9125,5.9152,5.909,5.9115,2752.15
2019-07-08 12:32,1562560320,5.9085,5.9111,5.908,5.9092,678.05
2019-07-08 12:33,1562560380,5.9091,5.9134,5.9032,5.9032,4521.22
2019-07-08 12:34,1562560440,5.9045,5.9046,5.9033,5.9035,341.45
2019-07-08 12:35,1562560500,5.9037,5.9176,5.9037,5.9156,4587.59
2019-07-08 12:36,1562560560,5.9163,5.9164,5.9095,5.9163,4521.25
2019-07-08 12:37,1562560620,5.9119,5.9178,5.9112,5.9152,2218.02
2019-07-08 12:38,1562560680,5.9125,5.9222,5.9122,5.9197,6125.91
2019-07-08 12:39,1562560740,5.9173,5.919,5.9146,5.9152,1017.17
2019-07-08 12:40,1562560800,5.9152,5.9204,5.9152,5.9192,815.51
2019-07-08 12:41,1562560860,5.9187,5.9204,5.9161,5.9194,484.82
2019-07-08 12:42,1562560920,5.9169,5.9207,5.9163,5.9163,544.17
2019-07-08 12:43,1562560980,5.9169,5.9172,5.9155,5.9158,804.48
2019-07-08 12:44,1562561040,5.9169,5.9194,5.9098,5.9101,2700.42
2019-07-08 12:45,1562561100,5.9098,5.9157,5.9085,5.9157,291.26
2019-07-08 12:46,1562561160,5.9162,5.9169,5.9152,5.9152,326.08
2019-07-08 12:47,1562561220,5.9128,5.9169,5.9127,5.9158,1104.16
2019-07-08 12:48,1562561280,5.9152,5.9152,5.9119,5.9119,424.45
2019-07-08 12:49,1562561340,5.9137,5.917,5.9052,5.9091,5420.22
2019-07-08 12:50,1562561400,5.9093,5.915,5.9093,5.9101,2492.68
2019-07-08 12:51,1562561460,5.9118,5.9125,5.9075,5.9075,2688.62
2019-07-08 12:52,1562561520,5.9055,5.9073,5.9043,5.9043,3063.11
2019-07-08 12:53,1562561580,5.9043,5.9056,5.9029,5.9055,759.12
2019-07-08 12:54,1562561640,5.9051,5.9065,5.9048,5.9065,334.27
2019-07-08 12:55,1562561700,5.905,5.9108,5.905,5.9098,742.65
2019-07-08 12:56,1562561760,5.9084,5.9138,5.9058,5.9135,3500.19
2019-07-08 12:57,1562561820,5.9105,5.9114,5.909,5.909,228.62
2019-07-08 12:58,1562561880,5.9102,5.9103,5.9102,5.9103,120.19
2019-07-08 12:59,1562561940,5.9109,5.914,5.9109,5.914,342.42
2019-07-08 13:00,1562562000,5.9131,5.9143,5.9114,5.9128,1406.07
2019-07-08 13:01,1562562060,5.9129,5.9129,5.9103,5.9103,688.85
2019-07-08 13:02,1562562120,5.9095,5.9095,5.9037,5.9066,1004.83
2019-07-08 13:03,1562562180,5.9071,5.9071,5.9071,5.9071,159.62
2019-07-08 13:04,1562562240,5.906,5.9073,5.9051,5.9055,255.1
2019-07-08 13:05,1562562300,5.9062,5.9074,5.906,5.906,265.56
2019-07-08 13:06,1562562360,5.9069,5.9093,5.9069,5.9069,470.14
2019-07-08 13:07,1562562420,5.906,5.9069,5.9045,5.9069,264.17
2019-07-08 13:08,1562562480,5.9087,5.909,5.9079,5.9087,383.31
2019-07-08 13:09,1562562540,5.9062,5.9083,5.904,5.9083,1024.73
2019-07-08 13:10,1562562600,5.9061,5.9069,5.9032,5.9032,119.33
2019-07-08 13:11,1562562660,5.9061,5.9073,5.9049,5.9073,92.11
2019-07-08 13:12,1562562720,5.9073,5.9073,5.9029,5.9042,330.15
2019-07-08 13:13,1562562780,5.9035,5.905,5.9017,5.905,990.43
2019-07-08 13:14,1562562840,5.9011,5.9026,5.9,5.9001,751.76
2019-07-08 13:15,1562562900,5.9001,5.903,5.8961,5.8968,6676.3
2019-07-08 13:16,1562562960,5.8961,5.8973,5.8961,5.8964,278.63
2019-07-08 13:17,1562563020,5.8962,5.8982,5.8962,5.8973,114.37
2019-07-08 13:18,1562563080,5.8961,5.8974,5.8946,5.8946,823.02
2019-07-08 13:19,1562563140,5.8946,5.8976,5.8946,5.8967,740.87
2019-07-08 13:20,1562563200,5.8966,5.8989,5.8955,5.8989,206.79
2019-07-08 13:21,1562563260,5.8948,5.9026,5.8948,5.8999,646.47
2019-07-08 13:22,1562563320,5.9001,5.9075,5.9001,5.9006,2012.24
2019-07-08 13:23,1562563380,5.9064,5.9122,5.9019,5.9122,4304.1
2019-07-08 13:24,1562563440,5.9088,5.9097,5.9001,5.9006,1156.29
2019-07-08 13:25,1562563500,5.9026,5.905,5.9012,5.9021,713.27
2019-07-08 13:26,1562563560,5.9039,5.904,5.8971,5.8987,340.23
2019-07-08 13:27,1562563620,5.8997,5.8997,5.8986,5.8991,73.77
2019-07-08 13:28,1562563680,5.9003,5.9024,5.8981,5.8981,195.36
2019-07-08 13:29,1562563740,5.8981,5.8981,5.8972,5.8973,501.65
2019-07-08 13:30,1562563800,5.8972,5.8972,5.8961,5.8968,303.82
2019-07-08 13:31,1562563860,5.8966,5.8982,5.8961,5.8966,161.23
2019-07-08 13:32,1562563920,5.896,5.8992,5.8926,5.8931,721.15
2019-07-08 13:33,1562563980,5.8933,5.8947,5.8933,5.8947,113.17
2019-07-08 13:34,1562564040,5.8951,5.8973,5.8942,5.8963,169.07
2019-07-08 13:35,1562564100,5.8963,5.8989,5.8953,5.8983,140.93
2019-07-08 13:36,1562564160,5.8995,5.8995,5.8924,5.8924,791.85
2019-07-08 13:37,1562564220,5.8937,5.8961,5.8934,5.8961,340.95
2019-07-08 13:38,1562564280,5.8977,5.8977,5.8977,5.8977,116.08
2019-07-08 13:39,1562564340,5.899,5.9015,5.8978,5.8984,115.8
2019-07-08 13:40,1562564400,5.8981,5.9004,5.897,5.8993,226.22
2019-07-08 13:41,1562564460,5.8978,5.9013,5.8963,5.9013,215.3
2019-07-08 13:42,1562564520,5.8966,5.8993,5.8963,5.8963,173.71
2019-07-08 13:43,1562564580,5.8981,5.8981,5.897,5.8978,195.43
2019-07-08 13:44,1562564640,5.8971,5.9021,5.897,5.9021,1093.24
2019-07-08 13:45,1562564700,5.9029,5.9067,5.9022,5.9065,388.86
2019-07-08 13:46,1562564760,5.9062,5.9103,5.9062,5.9073,106.42
2019-07-08 13:47,1562564820,5.9067,5.9087,5.9025,5.9025,389.05
2019-07-08 13:48,1562564880,5.9045,5.907,5.9044,5.905,408.25
2019-07-08 13:49,1562564940,5.9049,5.9049,5.9,5.9,1267.2
2019-07-08 13:50,1562565000,5.9022,5.9046,5.9022,5.9038,63.96
2019-07-08 13:51,1562565060,5.9021,5.9035,5.9005,5.9035,330.07
2019-07-08 13:52,1562565120,5.902,5.9035,5.902,5.9034,148.64
2019-07-08 13:53,1562565180,5.9009,5.9047,5.9002,5.9047,599.04
2019-07-08 13:54,1562565240,5.9047,5.9047,5.9012,5.9012,925.1
2019-07-08 13:55,1562565300,5.9009,5.9039,5.9006,5.9023,1303.02
2019-07-08 13:56,1562565360,5.9035,5.9035,5.8987,5.9025,597.08
2019-07-08 13:57,1562565420,5.9012,5.9012,5.8964,5.8992,1189.81
2019-07-08 13:58,1562565480,5.8953,5.8975,5.8943,5.8959,1344.37
2019-07-08 13:59,1562565540,5.8934,5.8951,5.8934,5.8951,71.53
2019-07-08 14:00,1562565600,5.8938,5.8973,5.8933,5.8933,88.95
2019-07-08 14:01,1562565660,5.8927,5.8942,5.8896,5.8896,1970.12
2019-07-08 14:02,1562565720,5.8896,5.8963,5.8896,5.8957,3177.53
2019-07-08 14:03,1562565780,5.891,5.891,5.8884,5.8884,848.82
2019-07-08 14:04,1562565840,5.8884,5.8884,5.8821,5.8824,1567.22
2019-07-08 14:05,1562565900,5.8814,5.8905,5.8814,5.8867,415.97
2019-07-08 14:06,1562565960,5.886,5.886,5.8832,5.8832,59.0
2019-07-08 14:07,1562566020,5.8853,5.8864,5.8839,5.8839,196.61
2019-07-08 14:08,1562566080,5.8854,5.8864,5.8842,5.8842,151.37
2019-07-08 14:09,1562566140,5.8848,5.8858,5.8839,5.8848,89.31
2019-07-08 14:10,1562566200,5.8829,5.8858,5.8808,5.8808,265.16
2019-07-08 14:11,1562566260,5.8833,5.8842,5.876,5.8761,1885.82
2019-07-08 14:12,1562566320,5.8761,5.8817,5.875,5.8786,888.31
2019-07-08 14:13,1562566380,5.8804,5.8804,5.8793,5.8793,134.97
2019-07-08 14:14,1562566440,5.8814,5.8814,5.8801,5.881,124.58
2019-07-08 14:15,1562566500,5.8793,5.8793,5.8753,5.8753,440.59
2019-07-08 14:16,1562566560,5.8785,5.8789,5.873,5.8789,412.09
2019-07-08 14:17,1562566620,5.8807,5.8825,5.88,5.8814,1430.38
2019-07-08 14:18,1562566680,5.8782,5.8837,5.8782,5.8837,982.64
2019-07-08 14:19,1562566740,5.884,5.8847,5.8815,5.8833,553.76
2019-07-08 14:20,1562566800,5.8839,5.8874,5.8839,5.8874,342.43
2019-07-08 14:21,1562566860,5.8857,5.8863,5.8846,5.8853,567.94
2019-07-08 14:22,1562566920,5.8853,5.8864,5.8837,5.8859,913.34
2019-07-08 14:23,1562566980,5.889,5.8902,5.889,5.8902,288.53
2019-07-08 14:24,1562567040,5.8906,5.8921,5.8897,5.8905,166.15
2019-07-08 14:25,1562567100,5.8932,5.8974,5.8904,5.8955,1892.57
2019-07-08 14:26,1562567160,5.8966,5.897,5.8929,5.896,392.04
2019-07-08 14:27,1562567220,5.896,5.898,5.8919,5.8919,468.21
2019-07-08 14:28,1562567280,5.892,5.8922,5.8903,5.8903,92.39
2019-07-08 14:29,1562567340,5.8911,5.8926,5.89,5.8926,213.82
2019-07-08 14:30,1562567400,5.8918,5.8941,5.8918,5.8929,201.14
2019-07-08 14:31,1562567460,5.8937,5.8937,5.8921,5.8921,140.97
2019-07-08 14:32,1562567520,5.8922,5.8922,5.8911,5.8911,378.56
2019-07-08 14:33,1562567580,5.8917,5.8921,5.8917,5.892,222.17
2019-07-08 14:34,1562567640,5.8927,5.8934,5.8925,5.8934,211.94
2019-07-08 14:35,1562567700,5.8934,5.8936,5.8893,5.8893,873.87
2019-07-08 14:36,1562567760,5.8916,5.8916,5.8896,5.8909,51.26
2019-07-08 14:37,1562567820,5.8904,5.8911,5.8904,5.8911,467.79
2019-07-08 14:38,1562567880,5.8909,5.8909,5.89,5.8902,275.47
2019-07-08 14:39,1562567940,5.889,5.8892,5.888,5.8883,200.61
2019-07-08 14:40,1562568000,5.8896,5.8896,5.888,5.888,863.62
2019-07-08 14:41,1562568060,5.8866,5.8876,5.8845,5.8876,396.54
2019-07-08 14:42,1562568120,5.8891,5.8913,5.888,5.8903,980.38
2019-07-08 14:43,1562568180,5.8898,5.8898,5.8893,5.8893,23.29
2019-07-08 14:44,1562568240,5.889,5.889,5.8869,5.8869,389.63
2019-07-08 14:45,1562568300,5.8893,5.8893,5.887,5.887,215.54
2019-07-08 14:46,1562568360,5.8861,5.8864,5.8861,5.8864,1497.39
2019-07-08 14:47,1562568420,5.8884,5.8886,5.8872,5.8886,175.33
2019-07-08 14:48,1562568480,5.8886,5.889,5.8866,5.8875,333.55
2019-07-08 14:49,1562568540,5.8866,5.8866,5.8866,5.8866,8.36
2019-07-08 14:50,1562568600,5.8898,5.8912,5.8884,5.8912,125.95
2019-07-08 14:51,1562568660,5.8887,5.89,5.8887,5.8889,178.51
2019-07-08 14:52,1562568720,5.8876,5.8897,5.8861,5.8861,1031.46
2019-07-08 14:53,1562568780,5.8862,5.8882,5.8861,5.8861,375.53
2019-07-08 14:54,1562568840,5.8862,5.8873,5.8862,5.8864,190.52
2019-07-08 14:55,1562568900,5.8876,5.8888,5.886,5.8866,2317.91
2019-07-08 14:56,1562568960,5.8861,5.8879,5.8854,5.886,963.86
2019-07-08 14:57,1562569020,5.8858,5.8866,5.8857,5.8866,115.46
2019-07-08 14:58,1562569080,5.8855,5.886,5.8855,5.8855,213.62
2019-07-08 14:59,1562569140,5.8853,5.8853,5.8823,5.8823,890.34
2019-07-08 15:00,1562569200,5.8823,5.8847,5.8814,5.8815,898.05
2019-07-08 15:01,1562569260,5.8832,5.8834,5.8826,5.8834,894.41
2019-07-08 15:02,1562569320,5.8834,5.8837,5.8825,5.8837,39.33
2019-07-08 15:03,1562569380,5.8834,5.8834,5.8812,5.8812,63.36
2019-07-08 15:04,1562569440,5.8824,5.8824,5.8812,5.8812,431.78
2019-07-08 15:05,1562569500,5.8811,5.882,5.8811,5.8816,281.43
2019-07-08 15:06,1562569560,5.882,5.8837,5.8816,5.8816,1180.01
2019-07-08 15:07,1562569620,5.8817,5.883,5.8801,5.883,1256.32
2019-07-08 15:08,1562569680,5.88,5.8801,5.8799,5.8801,39.22
2019-07-08 15:09,1562569740,5.8823,5.8823,5.881,5.8813,91.83
2019-07-08 15:10,1562569800,5.8819,5.8838,5.8819,5.8827,417.4
2019-07-08 15:11,1562569860,5.8829,5.8848,5.8829,5.8848,275.18
2019-07-08 15:12,1562569920,5.8851,5.8918,5.8851,5.8918,1101.3
2019-07-08 15:13,1562569980,5.8917,5.8961,5.8916,5.8961,3390.12
2019-07-08 15:14,1562570040,5.8964,5.8977,5.8948,5.8973,2234.19
2019-07-08 15:15,1562570100,5.8975,5.8993,5.8951,5.897,701.84
2019-07-08 15:16,1562570160,5.8957,5.8995,5.8937,5.8995,1256.1
2019-07-08 15:17,1562570220,5.8974,5.8985,5.8914,5.8931,1204.44
2019-07-08 15:18,1562570280,5.8917,5.8928,5.8894,5.8928,339.92
2019-07-08 15:19,1562570340,5.8913,5.8913,5.8904,5.8907,105.8
2019-07-08 15:20,1562570400,5.8907,5.8927,5.8907,5.8927,300.94
2019-07-08 15:21,1562570460,5.8911,5.8933,5.891,5.8915,1583.5
2019-07-08 15:22,1562570520,5.8919,5.8925,5.8913,5.8913,354.87
2019-07-08 15:23,1562570580,5.8907,5.8932,5.8887,5.8911,2328.92
2019-07-08 15:24,1562570640,5.8901,5.8901,5.8846,5.8856,614.63
2019-07-08 15:25,1562570700,5.8867,5.8867,5.8851,5.8863,159.35
2019-07-08 15:26,1562570760,5.8866,5.8866,5.8851,5.8851,743.71
2019-07-08 15:27,1562570820,5.8836,5.8872,5.8836,5.8872,1496.37
2019-07-08 15:28,1562570880,5.8866,5.8902,5.8862,5.8888,1306.14
2019-07-08 15:29,1562570940,5.8889,5.891,5.8888,5.891,260.45
2019-07-08 15:30,1562571000,5.8898,5.8913,5.8897,5.89,788.6
2019-07-08 15:31,1562571060,5.8905,5.8913,5.889,5.8894,517.82
2019-07-08 15:32,1562571120,5.891,5.8929,5.891,5.8913,2250.64
2019-07-08 15:33,1562571180,5.8906,5.8939,5.8901,5.8939,613.22
2019-07-08 15:34,1562571240,5.8937,5.8945,5.8855,5.8893,7257.58
2019-07-08 15:35,1562571300,5.8906,5.8911,5.8899,5.8902,1755.07
2019-07-08 15:36,1562571360,5.8882,5.8916,5.8881,5.8901,593.29
2019-07-08 15:37,1562571420,5.8909,5.8915,5.8874,5.8899,1024.24
2019-07-08 15:38,1562571480,5.8898,5.8928,5.8888,5.8907,3665.62
2019-07-08 15:39,1562571540,5.8913,5.892,5.8913,5.892,221.31
2019-07-08 15:40,1562571600,5.8915,5.8935,5.8915,5.893,3208.34
2019-07-08 15:41,1562571660,5.8935,5.8948,5.8935,5.8939,3262.3
2019-07-08 15:42,1562571720,5.8927,5.8941,5.8918,5.8934,2492.62
2019-07-08 15:43,1562571780,5.894,5.894,5.8929,5.893,501.11
2019-07-08 15:44,1562571840,5.8918,5.8927,5.8918,5.8927,1281.1
2019-07-08 15:45,1562571900,5.8924,5.8924,5.8904,5.8917,525.94
2019-07-08 15:46,1562571960,5.8917,5.895,5.8917,5.8925,2110.21
2019-07-08 15:47,1562572020,5.8941,5.8956,5.8926,5.894,3716.72
2019-07-08 15:48,1562572080,5.8941,5.9077,5.8939,5.9077,5640.98
2019-07-08 15:49,1562572140,5.9084,5.9282,5.9084,5.9189,17452.38
2019-07-08 15:50,1562572200,5.9189,5.931,5.9185,5.931,3857.39
2019-07-08 15:51,1562572260,5.9323,5.9335,5.9149,5.917,4723.16
2019-07-08 15:52,1562572320,5.9186,5.9247,5.9169,5.9213,5174.04
2019-07-08 15:53,1562572380,5.922,5.922,5.9154,5.9167,1650.19
2019-07-08 15:54,1562572440,5.9163,5.9214,5.9157,5.9175,2727.78
2019-07-08 15:55,1562572500,5.9195,5.9195,5.9164,5.9164,1219.86
2019-07-08 15:56,1562572560,5.9178,5.9213,5.917,5.9197,1153.83
2019-07-08 15:57,1562572620,5.9198,5.9209,5.9162,5.9203,2706.57
2019-07-08 15:58,1562572680,5.9205,5.9208,5.9098,5.9138,5857.81
2019-07-08 15:59,1562572740,5.9135,5.919,5.9115,5.9142,5889.89
2019-07-08 16:00,1562572800,5.9127,5.9139,5.9097,5.9103,4058.0
2019-07-08 16:01,1562572860,5.9111,5.9111,5.9051,5.9075,5717.33
2019-07-08 16:02,1562572920,5.9079,5.9138,5.9064,5.9138,2597.15
2019-07-08 16:03,1562572980,5.9138,5.9138,5.9079,5.9079,1522.96
2019-07-08 16:04,1562573040,5.9094,5.912,5.9073,5.912,3610.1
2019-07-08 16:05,1562573100,5.9117,5.9123,5.9052,5.9061,1676.35
2019-07-08 16:06,1562573160,5.9069,5.9069,5.9,5.9038,7156.89
2019-07-08 16:07,1562573220,5.9017,5.9021,5.8989,5.8991,1790.29
2019-07-08 16:08,1562573280,5.9008,5.9009,5.8968,5.8968,2086.51
2019-07-08 16:09,1562573340,5.8976,5.899,5.8974,5.899,1538.67
2019-07-08 16:10,1562573400,5.8991,5.9023,5.8985,5.8985,2006.41
2019-07-08 16:11,1562573460,5.8984,5.9016,5.8976,5.9016,813.8
2019-07-08 16:12,1562573520,5.9041,5.9059,5.9037,5.9059,2201.04
2019-07-08 16:13,1562573580,5.9073,5.9074,5.9034,5.9048,3780.16
2019-07-08 16:14,1562573640,5.9058,5.908,5.9058,5.9071,884.39
2019-07-08 16:15,1562573700,5.9071,5.9072,5.902,5.9033,1728.37
2019-07-08 16:16,1562573760,5.902,5.902,5.8953,5.8955,4490.12
2019-07-08 16:17,1562573820,5.8952,5.8952,5.8925,5.8925,1244.72
2019-07-08 16:18,1562573880,5.8915,5.8936,5.8893,5.8905,2803.04
2019-07-08 16:19,1562573940,5.8913,5.8969,5.8903,5.8941,7344.59
2019-07-08 16:20,1562574000,5.893,5.8965,5.893,5.8943,1552.33
2019-07-08 16:21,1562574060,5.8935,5.8936,5.8918,5.8925,717.96
2019-07-08 16:22,1562574120,5.8936,5.8936,5.892,5.8936,1141.12
2019-07-08 16:23,1562574180,5.8925,5.894,5.892,5.892,1656.25
2019-07-08 16:24,1562574240,5.8933,5.8952,5.8904,5.8931,2829.36
2019-07-08 16:25,1562574300,5.8925,5.8945,5.8919,5.8945,552.87
2019-07-08 16:26,1562574360,5.8953,5.8954,5.8936,5.8952,1206.73
2019-07-08 16:27,1562574420,5.8951,5.8975,5.8909,5.8968,2950.43
2019-07-08 16:28,1562574480,5.8968,5.8979,5.8948,5.8959,1370.39
2019-07-08 16:29,1562574540,5.8943,5.8979,5.8943,5.8968,974.39
2019-07-08 16:30,1562574600,5.8967,5.8986,5.8939,5.8979,515.93
2019-07-08 16:31,1562574660,5.8995,5.8995,5.8945,5.8993,742.49
2019-07-08 16:32,1562574720,5.8991,5.8998,5.8943,5.8986,2715.24
2019-07-08 16:33,1562574780,5.8988,5.9022,5.8988,5.9022,2158.8
2019-07-08 16:34,1562574840,5.9019,5.9019,5.8998,5.9,1806.71
2019-07-08 16:35,1562574900,5.9003,5.903,5.8989,5.9024,877.66
2019-07-08 16:36,1562574960,5.9027,5.9078,5.9026,5.9053,3239.65
2019-07-08 16:37,1562575020,5.9063,5.91,5.9054,5.9066,10934.34
2019-07-08 16:38,1562575080,5.9063,5.9076,5.9053,5.9058,3443.94
2019-07-08 16:39,1562575140,5.9066,5.9108,5.9066,5.908,1217.05
2019-07-08 16:40,1562575200,5.9102,5.9106,5.9091,5.9106,413.7
2019-07-08 16:41,1562575260,5.9104,5.9119,5.9097,5.9097,724.1
2019-07-08 16:42,1562575320,5.9117,5.9118,5.9097,5.9117,756.97
2019-07-08 16:43,1562575380,5.9106,5.9106,5.9103,5.9103,972.98
2019-07-08 16:44,1562575440,5.9112,5.9113,5.9074,5.9077,1108.09
2019-07-08 16:45,1562575500,5.9087,5.9091,5.9072,5.9091,447.01
2019-07-08 16:46,1562575560,5.9096,5.9096,5.9081,5.9091,870.72
2019-07-08 16:47,1562575620,5.9081,5.9085,5.9074,5.9074,729.84
2019-07-08 16:48,1562575680,5.9078,5.9102,5.9069,5.9102,3883.69
2019-07-08 16:49,1562575740,5.9074,5.9104,5.9068,5.9068,910.29
2019-07-08 16:50,1562575800,5.9095,5.9112,5.9057,5.9057,1403.66
2019-07-08 16:51,1562575860,5.9065,5.908,5.9051,5.9077,1367.75
2019-07-08 16:52,1562575920,5.9067,5.9067,5.9036,5.9059,1322.09
2019-07-08 16:53,1562575980,5.9041,5.905,5.8937,5.8961,5470.69
2019-07-08 16:54,1562576040,5.8971,5.8988,5.8843,5.8901,8517.62
2019-07-08 16:55,1562576100,5.8911,5.8944,5.8866,5.8925,7463.65
2019-07-08 16:56,1562576160,5.8926,5.8946,5.8863,5.8946,2147.96
2019-07-08 16:57,1562576220,5.8944,5.9067,5.8927,5.9024,8333.29
2019-07-08 16:58,1562576280,5.9069,5.9769,5.9069,5.9614,33665.53
2019-07-08 16:59,1562576340,5.9719,5.9769,5.9351,5.9504,59930.1
2019-07-08 17:00,1562576400,5.9483,5.9828,5.9379,5.9471,59641.12
2019-07-08 17:01,1562576460,5.9444,5.9544,5.9222,5.9286,34196.65
2019-07-08 17:02,1562576520,5.93,5.95,5.9186,5.9288,34625.59
2019-07-08 17:03,1562576580,5.929,5.9624,5.9288,5.96,27937.69
2019-07-08 17:04,1562576640,5.9599,5.962,5.9418,5.9523,18653.3
2019-07-08 17:05,1562576700,5.9521,5.9585,5.9336,5.9385,13351.44
2019-07-08 17:06,1562576760,5.9383,5.9545,5.9314,5.9442,12731.5
2019-07-08 17:07,1562576820,5.9425,5.9491,5.9358,5.9461,10729.57
2019-07-08 17:08,1562576880,5.9467,5.9467,5.9399,5.9419,5044.5
2019-07-08 17:09,1562576940,5.9422,5.9476,5.9362,5.9465,6775.97
2019-07-08 17:10,1562577000,5.9465,5.9465,5.926,5.9284,11799.44
2019-07-08 17:11,1562577060,5.9284,5.9438,5.9284,5.9346,7544.03
2019-07-08 17:12,1562577120,5.9348,5.9414,5.93,5.9345,8599.13
2019-07-08 17:13,1562577180,5.9345,5.9449,5.9327,5.9397,5957.26
2019-07-08 17:14,1562577240,5.9403,5.945,5.9403,5.9427,2497.7
2019-07-08 17:15,1562577300,5.9436,5.948,5.9374,5.9401,5825.48
2019-07-08 17:16,1562577360,5.9395,5.9444,5.9347,5.9347,4653.57
2019-07-08 17:17,1562577420,5.9375,5.9417,5.9361,5.9405,4746.34
2019-07-08 17:18,1562577480,5.9406,5.9406,5.9284,5.9342,10571.06
2019-07-08 17:19,1562577540,5.9342,5.9354,5.9282,5.9317,5352.6
2019-07-08 17:20,1562577600,5.9319,5.9355,5.9233,5.9294,8483.83
2019-07-08 17:21,1562577660,5.9317,5.9384,5.9317,5.9374,6774.36
2019-07-08 17:22,1562577720,5.9363,5.9385,5.9255,5.9316,8523.11
2019-07-08 17:23,1562577780,5.9316,5.935,5.9316,5.9339,6360.18
2019-07-08 17:24,1562577840,5.9319,5.939,5.9319,5.9356,4455.51
2019-07-08 17:25,1562577900,5.9356,5.9404,5.9317,5.937,12157.79
2019-07-08 17:26,1562577960,5.9322,5.9472,5.9316,5.9419,12890.15
2019-07-08 17:27,1562578020,5.9399,5.9446,5.9327,5.9414,10225.93
2019-07-08 17:28,1562578080,5.9413,5.9455,5.9366,5.9447,3993.68
2019-07-08 17:29,1562578140,5.9445,5.9446,5.9393,5.9439,5928.75
2019-07-08 17:30,1562578200,5.9411,5.9435,5.9385,5.9417,1866.6
2019-07-08 17:31,1562578260,5.9406,5.9447,5.9365,5.9372,8845.92
2019-07-08 17:32,1562578320,5.9376,5.9394,5.934,5.9382,6166.63
2019-07-08 17:33,1562578380,5.9357,5.9394,5.9322,5.9394,3219.27
2019-07-08 17:34,1562578440,5.9381,5.9392,5.933,5.9334,2944.64
2019-07-08 17:35,1562578500,5.9345,5.9379,5.9316,5.9379,5173.93
2019-07-08 17:36,1562578560,5.9375,5.938,5.9355,5.936,3462.15
2019-07-08 17:37,1562578620,5.9343,5.9385,5.9334,5.937,2797.0
2019-07-08 17:38,1562578680,5.9367,5.937,5.9323,5.937,2582.39
2019-07-08 17:39,1562578740,5.937,5.9372,5.9326,5.9335,2867.62
2019-07-08 17:40,1562578800,5.9348,5.9352,5.9316,5.934,3254.75
2019-07-08 17:41,1562578860,5.9348,5.9361,5.9319,5.9319,1853.4
2019-07-08 17:42,1562578920,5.9319,5.935,5.9316,5.9321,6713.1
2019-07-08 17:43,1562578980,5.9329,5.9368,5.929,5.9336,16999.85
2019-07-08 17:44,1562579040,5.9343,5.9383,5.9331,5.9331,2152.84
2019-07-08 17:45,1562579100,5.9344,5.9371,5.9297,5.9312,3004.32
2019-07-08 17:46,1562579160,5.931,5.9349,5.9288,5.9304,14110.78
2019-07-08 17:47,1562579220,5.9304,5.9401,5.9288,5.9388,15650.96
2019-07-08 17:48,1562579280,5.9395,5.9431,5.9325,5.9387,8222.21
2019-07-08 17:49,1562579340,5.9418,5.9476,5.9395,5.9411,4603.05
2019-07-08 17:50,1562579400,5.9413,5.942,5.9374,5.9417,2505.15
2019-07-08 17:51,1562579460,5.9416,5.9422,5.9386,5.9392,1889.47
2019-07-08 17:52,1562579520,5.9387,5.9462,5.9387,5.9398,4511.75
2019-07-08 17:53,1562579580,5.9414,5.9467,5.9392,5.9431,4692.31
2019-07-08 17:54,1562579640,5.9428,5.9435,5.9332,5.9364,6718.43
2019-07-08 17:55,1562579700,5.9328,5.9368,5.9272,5.9307,6325.05
2019-07-08 17:56,1562579760,5.9321,5.9364,5.9321,5.9345,2860.83
2019-07-08 17:57,1562579820,5.9333,5.9354,5.9323,5.9324,2313.78
2019-07-08 17:58,1562579880,5.936,5.9375,5.9308,5.9327,2292.17
2019-07-08 17:59,1562579940,5.9314,5.9387,5.9307,5.9387,1960.36
2019-07-08 18:00,1562580000,5.9386,5.9406,5.9333,5.9401,2279.57
2019-07-08 18:01,1562580060,5.9399,5.9455,5.9394,5.9399,3904.18
2019-07-08 18:02,1562580120,5.9408,5.9446,5.9408,5.9419,2342.95
2019-07-08 18:03,1562580180,5.9427,5.9434,5.9331,5.9373,4189.58
2019-07-08 18:04,1562580240,5.938,5.9383,5.9323,5.936,3190.89
2019-07-08 18:05,1562580300,5.9362,5.9396,5.9312,5.9343,1683.55
2019-07-08 18:06,1562580360,5.9334,5.9402,5.9322,5.9402,3453.81
2019-07-08 18:07,1562580420,5.9395,5.943,5.9366,5.9408,2951.4
2019-07-08 18:08,1562580480,5.9395,5.9401,5.9355,5.9364,3921.18
2019-07-08 18:09,1562580540,5.9359,5.9426,5.9359,5.9399,3070.08
2019-07-08 18:10,1562580600,5.9408,5.9529,5.9387,5.9469,18160.04
2019-07-08 18:11,1562580660,5.946,5.9484,5.9395,5.946,4931.5
2019-07-08 18:12,1562580720,5.946,5.9463,5.9373,5.9413,2526.48
